<?xml version="1.0" encoding="iso-8859-1"?>
<?xml-stylesheet type="text/xsl" href="1+XSL+5+11.xsl"?>
<CATALOG>
    <CD ID="001">
        <TITLE>Empire Burlesque</TITLE>
        <ARTIST>Bob Dylan</ARTIST>
        <COUNTRY>USA</COUNTRY>
        <COMPANY>Columbia</COMPANY>
        <PRICE>10.90</PRICE>
        <YEAR>1985</YEAR>
    </CD>
    <CD ID="002">
        <TITLE>Hide Your Heart</TITLE>
        <ARTIST>Bonnie Tylor</ARTIST>
        <COUNTRY>UK</COUNTRY>
        <COMPANY>CBS Records</COMPANY>
        <PRICE>9.90</PRICE>
        <YEAR>1988</YEAR>
    </CD>
    <CD ID="003">
        <TITLE>Greatest Hits</TITLE>
        <ARTIST>Dolly Parton</ARTIST>
        <COUNTRY>USA</COUNTRY>
        <COMPANY>RCA</COMPANY>
        <PRICE>9.90</PRICE>
        <YEAR>1982</YEAR>
    </CD>
</CATALOG>